Rounds,Depth,mcw,r_sample,c_sample,eta,scale_pos_weight,auc_max,std,best_round
3000,4,0.5,0.6,0.5,0.05,1,0.8405242,0.0141048,142
3000,4,0.5,0.6,0.5,0.05,2,0.8407178,0.0141662,149
3000,4,0.5,0.6,0.5,0.05,3,0.8408148,0.014284,163.8
3000,4,0.5,0.6,0.5,0.01,1,0.8412132,0.0151212,867.8
3000,4,0.5,0.6,0.5,0.01,2,0.8413508,0.0147086,880.2
3000,4,0.5,0.6,0.5,0.01,3,0.8410388,0.0146082,790.2
3000,4,0.5,0.6,0.5,0.005,1,0.8416584,0.0147424,1787
3000,4,0.5,0.6,0.5,0.005,2,0.8414712,0.0144684,1639.5
3000,4,0.5,0.6,0.5,0.005,3,0.8416884,0.0143502,1589
3000,4,0.5,0.6,0.6,0.05,1,0.8401168,0.0143888,211
3000,4,0.5,0.6,0.6,0.05,2,0.8402078,0.015084,178.5
3000,4,0.5,0.6,0.6,0.05,3,0.8404396,0.014688,169
3000,4,0.5,0.6,0.6,0.01,1,0.841151,0.015108,869
3000,4,0.5,0.6,0.6,0.01,2,0.8405016,0.0148368,651.4
3000,4,0.5,0.6,0.6,0.01,3,0.8409288,0.014566,701
3000,4,0.5,0.6,0.6,0.005,1,0.8413234,0.014599,1587.4
3000,4,0.5,0.6,0.6,0.005,2,0.8412302,0.0144496,1525
3000,4,0.5,0.6,0.6,0.005,3,0.84159,0.014349,1707.4
3000,4,0.5,0.6,0.7,0.05,1,0.840642,0.0151842,184.8
3000,4,0.5,0.6,0.7,0.05,2,0.8403264,0.0151244,153.4
3000,4,0.5,0.6,0.7,0.05,3,0.8403894,0.0150218,138.6
3000,4,0.5,0.6,0.7,0.01,1,0.8413368,0.0149128,880.8
3000,4,0.5,0.6,0.7,0.01,2,0.8410824,0.014841,883
3000,4,0.5,0.6,0.7,0.01,3,0.8409582,0.0149512,804.6
3000,4,0.5,0.6,0.7,0.005,1,0.841451,0.0148072,1703
3000,4,0.5,0.6,0.7,0.005,2,0.8414434,0.0148018,1751.8
3000,4,0.5,0.6,0.7,0.005,3,0.8413662,0.0146206,1647.4
3000,4,0.5,0.7,0.5,0.05,1,0.8411184,0.0143698,227.4
3000,4,0.5,0.7,0.5,0.05,2,0.8408476,0.015037,192.2
3000,4,0.5,0.7,0.5,0.05,3,0.8404132,0.0149162,200
3000,4,0.5,0.7,0.5,0.01,1,0.8414994,0.014525,1058.16666666667
3000,4,0.5,0.7,0.5,0.01,2,0.8414556,0.0147818,909
3000,4,0.5,0.7,0.5,0.01,3,0.8413734,0.0144128,888.8
3000,4,0.5,0.7,0.5,0.005,1,0.8414328,0.0145706,1720.2
3000,4,0.5,0.7,0.5,0.005,2,0.841547,0.0145048,1772.33333333333
3000,4,0.5,0.7,0.5,0.005,3,0.8411572,0.014463,1371.8
3000,4,0.5,0.7,0.6,0.05,1,0.8407642,0.014553,193.6
3000,4,0.5,0.7,0.6,0.05,2,0.840149,0.0147416,205.166666666667
3000,4,0.5,0.7,0.6,0.05,3,0.8397248,0.0140398,126.8
3000,4,0.5,0.7,0.6,0.01,1,0.8413118,0.0147642,994
3000,4,0.5,0.7,0.6,0.01,2,0.8415026,0.0148606,993.8
3000,4,0.5,0.7,0.6,0.01,3,0.8411568,0.0146428,867.5
3000,4,0.5,0.7,0.6,0.005,1,0.841481,0.014619,1774.8
3000,4,0.5,0.7,0.6,0.005,2,0.8414928,0.014707,1666.8
3000,4,0.5,0.7,0.6,0.005,3,0.841168,0.0147308,1513.4
3000,4,0.5,0.7,0.7,0.05,1,0.8404878,0.0146094,194.2
3000,4,0.5,0.7,0.7,0.05,2,0.84061,0.0142716,234.6
3000,4,0.5,0.7,0.7,0.05,3,0.8407026,0.0141112,182.666666666667
3000,4,0.5,0.7,0.7,0.01,1,0.84157,0.0146044,993
3000,4,0.5,0.7,0.7,0.01,2,0.84126,0.0147524,920.2
3000,4,0.5,0.7,0.7,0.01,3,0.8410988,0.0147014,852.833333333333
3000,4,0.5,0.7,0.7,0.005,1,0.8414058,0.0145902,1690.6
3000,4,0.5,0.7,0.7,0.005,2,0.8414278,0.0148716,1683
3000,4,0.5,0.7,0.7,0.005,3,0.8410244,0.0149464,1384.8
3000,4,0.5,0.8,0.5,0.05,1,0.8406388,0.014239,204.2
3000,4,0.5,0.8,0.5,0.05,2,0.8405582,0.0141954,172.8
3000,4,0.5,0.8,0.5,0.05,3,0.8409794,0.0139638,157
3000,4,0.5,0.8,0.5,0.01,1,0.8414674,0.0143614,1089.8
3000,4,0.5,0.8,0.5,0.01,2,0.8413684,0.0143904,898.5
3000,4,0.5,0.8,0.5,0.01,3,0.8411806,0.0142004,884
3000,4,0.5,0.8,0.5,0.005,1,0.8415522,0.0145638,2043.4
3000,4,0.5,0.8,0.5,0.005,2,0.8411874,0.0145548,1565.6
3000,4,0.5,0.8,0.5,0.005,3,0.8411464,0.0145062,1513
3000,4,0.5,0.8,0.6,0.05,1,0.8405662,0.0146196,181.6
3000,4,0.5,0.8,0.6,0.05,2,0.8408122,0.0143832,215.8
3000,4,0.5,0.8,0.6,0.05,3,0.840891,0.0140552,164.4
3000,4,0.5,0.8,0.6,0.01,1,0.8414234,0.01467,1106.8
3000,4,0.5,0.8,0.6,0.01,2,0.841166,0.0145728,1034.6
3000,4,0.5,0.8,0.6,0.01,3,0.8412298,0.0145336,996.333333333333
3000,4,0.5,0.8,0.6,0.005,1,0.8412182,0.0147556,1673
3000,4,0.5,0.8,0.6,0.005,2,0.8411168,0.0146418,1557
3000,4,0.5,0.8,0.6,0.005,3,0.84111,0.0146178,1652.8
3000,4,0.5,0.8,0.7,0.05,1,0.8403386,0.0150172,179.2
3000,4,0.5,0.8,0.7,0.05,2,0.8410384,0.0148102,199.4
3000,4,0.5,0.8,0.7,0.05,3,0.8408224,0.0138426,176.2
3000,4,0.5,0.8,0.7,0.01,1,0.8412824,0.014654,926
3000,4,0.5,0.8,0.7,0.01,2,0.8412042,0.0145084,1000
3000,4,0.5,0.8,0.7,0.01,3,0.841142,0.0144474,894.2
3000,4,0.5,0.8,0.7,0.005,1,0.841099,0.0147536,1679.8
3000,4,0.5,0.8,0.7,0.005,2,0.8409194,0.0147442,1580.33333333333
3000,4,0.5,0.8,0.7,0.005,3,0.8409072,0.0145886,1559.16666666667
3000,4,1,0.6,0.5,0.05,1,0.8409246,0.0146608,197.8
3000,4,1,0.6,0.5,0.05,2,0.8406804,0.0147004,180.8
3000,4,1,0.6,0.5,0.05,3,0.8408348,0.0142662,167.166666666667
3000,4,1,0.6,0.5,0.01,1,0.8412356,0.0150392,869.333333333333
3000,4,1,0.6,0.5,0.01,2,0.8414312,0.0146882,996.6
3000,4,1,0.6,0.5,0.01,3,0.8411648,0.0148316,784
3000,4,1,0.6,0.5,0.005,1,0.841446,0.01484,1642.5
3000,4,1,0.6,0.5,0.005,2,0.841463,0.0145158,1599.14285714286
3000,4,1,0.6,0.5,0.005,3,0.8416956,0.0142532,1584.6
3000,4,1,0.6,0.6,0.05,1,0.840192,0.0145738,156.333333333333
3000,4,1,0.6,0.6,0.05,2,0.8401732,0.0142486,158.8
3000,4,1,0.6,0.6,0.05,3,0.8405068,0.0147748,180.2
3000,4,1,0.6,0.6,0.01,1,0.8413622,0.0148824,1019.85714285714
3000,4,1,0.6,0.6,0.01,2,0.8407294,0.0148686,656.4
3000,4,1,0.6,0.6,0.01,3,0.8410658,0.0147166,794.4
3000,4,1,0.6,0.6,0.005,1,0.8413116,0.0147618,1573.5
3000,4,1,0.6,0.6,0.005,2,0.841379,0.0145666,1532.8
3000,4,1,0.6,0.6,0.005,3,0.8411568,0.0142664,1405.66666666667
3000,4,1,0.6,0.7,0.05,1,0.8405746,0.015451,184
3000,4,1,0.6,0.7,0.05,2,0.8398832,0.0149946,139.4
3000,4,1,0.6,0.7,0.05,3,0.8406644,0.0147328,147.8
3000,4,1,0.6,0.7,0.01,1,0.8413146,0.0150668,880
3000,4,1,0.6,0.7,0.01,2,0.8409196,0.0150018,780.6
3000,4,1,0.6,0.7,0.01,3,0.8410138,0.0149958,794.5
3000,4,1,0.6,0.7,0.005,1,0.8414884,0.0149652,1702
3000,4,1,0.6,0.7,0.005,2,0.8415116,0.0148316,1665.33333333333
3000,4,1,0.6,0.7,0.005,3,0.841447,0.0146842,1703.66666666667
3000,4,1,0.7,0.5,0.05,1,0.8407048,0.0146392,199.666666666667
3000,4,1,0.7,0.5,0.05,2,0.8408924,0.0145682,162
3000,4,1,0.7,0.5,0.05,3,0.8406968,0.014586,177.833333333333
3000,4,1,0.7,0.5,0.01,1,0.841205,0.0146046,911
3000,4,1,0.7,0.5,0.01,2,0.8415404,0.0145498,907.5
3000,4,1,0.7,0.5,0.01,3,0.84149,0.0145744,889.666666666667
3000,4,1,0.7,0.5,0.005,1,0.8413722,0.014659,1785.57142857143
3000,4,1,0.7,0.5,0.005,2,0.841402,0.0145456,1587.83333333333
3000,4,1,0.7,0.5,0.005,3,0.8411612,0.0144628,1385.8
3000,4,1,0.7,0.6,0.05,1,0.8406026,0.014825,191.8
3000,4,1,0.7,0.6,0.05,2,0.8400972,0.0148344,198
3000,4,1,0.7,0.6,0.05,3,0.840151,0.0145324,154.666666666667
3000,4,1,0.7,0.6,0.01,1,0.8411696,0.0147732,905.6
3000,4,1,0.7,0.6,0.01,2,0.8415208,0.0149878,998
3000,4,1,0.7,0.6,0.01,3,0.8411302,0.0146766,893
3000,4,1,0.7,0.6,0.005,1,0.8414496,0.0147502,1720.6
3000,4,1,0.7,0.6,0.005,2,0.8415038,0.0147998,1779.2
3000,4,1,0.7,0.6,0.005,3,0.841144,0.0147412,1521.2
3000,4,1,0.7,0.7,0.05,1,0.840793,0.014522,161.2
3000,4,1,0.7,0.7,0.05,2,0.8402034,0.014575,166.2
3000,4,1,0.7,0.7,0.05,3,0.8405738,0.0146434,134.2
3000,4,1,0.7,0.7,0.01,1,0.8415058,0.0144676,998
3000,4,1,0.7,0.7,0.01,2,0.8412916,0.0148042,913.6
3000,4,1,0.7,0.7,0.01,3,0.8409952,0.0147388,857.4
3000,4,1,0.7,0.7,0.005,1,0.8413392,0.0147144,1706
3000,4,1,0.7,0.7,0.005,2,0.841415,0.0149182,1670.8
3000,4,1,0.7,0.7,0.005,3,0.841296,0.0150012,1695.7
3000,4,1,0.8,0.5,0.05,1,0.8404298,0.0146742,169.4
3000,4,1,0.8,0.5,0.05,2,0.840597,0.0141616,162.2
3000,4,1,0.8,0.5,0.05,3,0.8406026,0.0142064,146.2
3000,4,1,0.8,0.5,0.01,1,0.8412272,0.0144716,920.666666666667
3000,4,1,0.8,0.5,0.01,2,0.8413182,0.0144274,877.6
3000,4,1,0.8,0.5,0.01,3,0.8412122,0.0142604,926
3000,4,1,0.8,0.5,0.005,1,0.8412656,0.014782,1670.2
3000,4,1,0.8,0.5,0.005,2,0.8411972,0.0145708,1521.83333333333
3000,4,1,0.8,0.5,0.005,3,0.8411472,0.014536,1517
3000,4,1,0.8,0.6,0.05,1,0.8406268,0.014486,180
3000,4,1,0.8,0.6,0.05,2,0.8409772,0.01461,175.6
3000,4,1,0.8,0.6,0.05,3,0.8407628,0.0140406,174.4
3000,4,1,0.8,0.6,0.01,1,0.8412492,0.0149164,916.6
3000,4,1,0.8,0.6,0.01,2,0.8408536,0.0147672,796.6
3000,4,1,0.8,0.6,0.01,3,0.841212,0.0144748,1034.16666666667
3000,4,1,0.8,0.6,0.005,1,0.8412598,0.0147196,1767.8
3000,4,1,0.8,0.6,0.005,2,0.8411702,0.0146754,1669.2
3000,4,1,0.8,0.6,0.005,3,0.8410846,0.014663,1659.83333333333
3000,4,1,0.8,0.7,0.05,1,0.8405056,0.0146092,218.6
3000,4,1,0.8,0.7,0.05,2,0.8408708,0.0145364,169.8
3000,4,1,0.8,0.7,0.05,3,0.840511,0.0141464,139.2
3000,4,1,0.8,0.7,0.01,1,0.8413996,0.0148212,993.2
3000,4,1,0.8,0.7,0.01,2,0.8410834,0.014424,899.4
3000,4,1,0.8,0.7,0.01,3,0.8411936,0.0144686,927
3000,4,1,0.8,0.7,0.005,1,0.8411526,0.0148442,1727.6
3000,4,1,0.8,0.7,0.005,2,0.8409852,0.0147216,1666.85714285714
3000,4,1,0.8,0.7,0.005,3,0.8409588,0.0147064,1562.66666666667
3000,4,2,0.6,0.5,0.05,1,0.8403598,0.01472,142
3000,4,2,0.6,0.5,0.05,2,0.840325,0.0142774,161.6
3000,4,2,0.6,0.5,0.05,3,0.840835,0.0145106,151.4
3000,4,2,0.6,0.5,0.01,1,0.8415138,0.0150202,978.428571428571
3000,4,2,0.6,0.5,0.01,2,0.8415214,0.0147014,1008.8
3000,4,2,0.6,0.5,0.01,3,0.8411604,0.0148496,789.6
3000,4,2,0.6,0.5,0.005,1,0.8415962,0.0148734,1754.6
3000,4,2,0.6,0.5,0.005,2,0.8416242,0.0145678,1641.16666666667
3000,4,2,0.6,0.5,0.005,3,0.841698,0.0142016,1580.8
3000,4,2,0.6,0.6,0.05,1,0.8406422,0.0150058,182.5
3000,4,2,0.6,0.6,0.05,2,0.8401548,0.0150476,146
3000,4,2,0.6,0.6,0.05,3,0.840467,0.014653,181
3000,4,2,0.6,0.6,0.01,1,0.841019,0.0149898,1007
3000,4,2,0.6,0.6,0.01,2,0.8407048,0.0149672,650.8
3000,4,2,0.6,0.6,0.01,3,0.8410552,0.0146218,700.6
3000,4,2,0.6,0.6,0.005,1,0.841399,0.0147578,1590.4
3000,4,2,0.6,0.6,0.005,2,0.8415424,0.0145584,1715.4
3000,4,2,0.6,0.6,0.005,3,0.8413062,0.0143144,1482.66666666667
3000,4,2,0.6,0.7,0.05,1,0.8403508,0.0151708,190.833333333333
3000,4,2,0.6,0.7,0.05,2,0.8402122,0.014994,182.6
3000,4,2,0.6,0.7,0.05,3,0.8403624,0.0148506,123.2
3000,4,2,0.6,0.7,0.01,1,0.8412626,0.0148818,1003.8
3000,4,2,0.6,0.7,0.01,2,0.8411194,0.0149274,799.5
3000,4,2,0.6,0.7,0.01,3,0.8410546,0.0149802,801.6
3000,4,2,0.6,0.7,0.005,1,0.8415514,0.0149664,1730.75
3000,4,2,0.6,0.7,0.005,2,0.8415074,0.0148168,1646.5
3000,4,2,0.6,0.7,0.005,3,0.8414772,0.0146708,1758.8
3000,4,2,0.7,0.5,0.05,1,0.8406016,0.0144894,175.2
3000,4,2,0.7,0.5,0.05,2,0.8406776,0.0143766,160.2
3000,4,2,0.7,0.5,0.05,3,0.8408866,0.014387,231.2
3000,4,2,0.7,0.5,0.01,1,0.8413386,0.0145806,1044.8
3000,4,2,0.7,0.5,0.01,2,0.8411672,0.0145818,768.285714285714
3000,4,2,0.7,0.5,0.01,3,0.8416206,0.0145128,998.666666666667
3000,4,2,0.7,0.5,0.005,1,0.8414584,0.0147434,1715.83333333333
3000,4,2,0.7,0.5,0.005,2,0.8415998,0.014416,1714.2
3000,4,2,0.7,0.5,0.005,3,0.8413282,0.0145216,1459.4
3000,4,2,0.7,0.6,0.05,1,0.8407398,0.0142772,228.6
3000,4,2,0.7,0.6,0.05,2,0.8405178,0.0147086,199
3000,4,2,0.7,0.6,0.05,3,0.8404784,0.0147034,163
3000,4,2,0.7,0.6,0.01,1,0.8411718,0.0147962,986.8
3000,4,2,0.7,0.6,0.01,2,0.841296,0.0150138,914.428571428571
3000,4,2,0.7,0.6,0.01,3,0.841238,0.0148098,881.6
3000,4,2,0.7,0.6,0.005,1,0.841485,0.0148668,1733.66666666667
3000,4,2,0.7,0.6,0.005,2,0.8412792,0.0147694,1413.6
3000,4,2,0.7,0.6,0.005,3,0.8413826,0.0147816,1768.28571428571
3000,4,2,0.7,0.7,0.05,1,0.8407356,0.0149462,168.4
3000,4,2,0.7,0.7,0.05,2,0.8405694,0.014439,165.4
3000,4,2,0.7,0.7,0.05,3,0.8404072,0.0143524,164
3000,4,2,0.7,0.7,0.01,1,0.8414336,0.0146624,999
3000,4,2,0.7,0.7,0.01,2,0.8412952,0.0150654,912.142857142857
3000,4,2,0.7,0.7,0.01,3,0.8407206,0.0147776,712
3000,4,2,0.7,0.7,0.005,1,0.8413578,0.0148628,1717
3000,4,2,0.7,0.7,0.005,2,0.841502,0.0149242,1675.66666666667
3000,4,2,0.7,0.7,0.005,3,0.8411072,0.0149674,1381.71428571429
3000,4,2,0.8,0.5,0.05,1,0.8405366,0.0144506,199.2
3000,4,2,0.8,0.5,0.05,2,0.8402192,0.0145096,162.2
3000,4,2,0.8,0.5,0.05,3,0.840508,0.014143,154.8
3000,4,2,0.8,0.5,0.01,1,0.841227,0.0144746,899.8
3000,4,2,0.8,0.5,0.01,2,0.8413378,0.0143692,880.4
3000,4,2,0.8,0.5,0.01,3,0.8410578,0.014492,776.166666666667
3000,4,2,0.8,0.5,0.005,1,0.841601,0.0147912,2017.5
3000,4,2,0.8,0.5,0.005,2,0.8412282,0.0145412,1551.33333333333
3000,4,2,0.8,0.5,0.005,3,0.8412114,0.014602,1489.16666666667
3000,4,2,0.8,0.6,0.05,1,0.8406874,0.014563,183
3000,4,2,0.8,0.6,0.05,2,0.841009,0.0147126,177.2
3000,4,2,0.8,0.6,0.05,3,0.8408654,0.0135508,193
3000,4,2,0.8,0.6,0.01,1,0.8410992,0.0149404,890.6
3000,4,2,0.8,0.6,0.01,2,0.8412632,0.0145656,1121.4
3000,4,2,0.8,0.6,0.01,3,0.8411388,0.0145358,825.5
3000,4,2,0.8,0.6,0.005,1,0.8412868,0.0149708,1826.33333333333
3000,4,2,0.8,0.6,0.005,2,0.8412278,0.014732,1666.33333333333
3000,4,2,0.8,0.6,0.005,3,0.8412854,0.0145884,1790.6
3000,4,2,0.8,0.7,0.05,1,0.8407796,0.0149666,179.8
3000,4,2,0.8,0.7,0.05,2,0.8409964,0.0144496,176.2
3000,4,2,0.8,0.7,0.05,3,0.8405286,0.014141,169.8
3000,4,2,0.8,0.7,0.01,1,0.8411158,0.0148974,883.4
3000,4,2,0.8,0.7,0.01,2,0.8411416,0.0146148,903.833333333333
3000,4,2,0.8,0.7,0.01,3,0.841295,0.0146652,899.4
3000,4,2,0.8,0.7,0.005,1,0.8410068,0.0149996,1724.5
3000,4,2,0.8,0.7,0.005,2,0.8410794,0.0148224,1727.4
3000,4,2,0.8,0.7,0.005,3,0.8410058,0.0147218,1557.33333333333
3000,5,0.5,0.6,0.5,0.05,1,0.8411878,0.0137964,138.6
3000,5,0.5,0.6,0.5,0.05,2,0.8406492,0.0137424,134.6
3000,5,0.5,0.6,0.5,0.05,3,0.8409144,0.0139802,134
3000,5,0.5,0.6,0.5,0.01,1,0.8414722,0.0144102,637
3000,5,0.5,0.6,0.5,0.01,2,0.8414662,0.0138934,580.8
3000,5,0.5,0.6,0.5,0.01,3,0.8411328,0.0139762,586.2
3000,5,0.5,0.6,0.5,0.005,1,0.8418184,0.0142896,1371
3000,5,0.5,0.6,0.5,0.005,2,0.8420608,0.0141738,1336.2
3000,5,0.5,0.6,0.5,0.005,3,0.8419968,0.0140834,1250.2
3000,5,0.5,0.6,0.6,0.05,1,0.841139,0.0144034,138.2
3000,5,0.5,0.6,0.6,0.05,2,0.8404424,0.0144172,137.8
3000,5,0.5,0.6,0.6,0.05,3,0.8407332,0.0151202,111.333333333333
3000,5,0.5,0.6,0.6,0.01,1,0.8414352,0.0145676,701.333333333333
3000,5,0.5,0.6,0.6,0.01,2,0.84159,0.0140196,642.4
3000,5,0.5,0.6,0.6,0.01,3,0.8413744,0.0139464,579.5
3000,5,0.5,0.6,0.6,0.005,1,0.842033,0.0140284,1534.83333333333
3000,5,0.5,0.6,0.6,0.005,2,0.8419688,0.014179,1339.2
3000,5,0.5,0.6,0.6,0.005,3,0.841815,0.0141716,1233.5
3000,5,0.5,0.6,0.7,0.05,1,0.8408868,0.014692,137.4
3000,5,0.5,0.6,0.7,0.05,2,0.8410286,0.015039,114.6
3000,5,0.5,0.6,0.7,0.05,3,0.8404948,0.0138638,117.8
3000,5,0.5,0.6,0.7,0.01,1,0.8414504,0.0144294,691.8
3000,5,0.5,0.6,0.7,0.01,2,0.8415182,0.0142584,643.714285714286
3000,5,0.5,0.6,0.7,0.01,3,0.8412702,0.014034,574
3000,5,0.5,0.6,0.7,0.005,1,0.841865,0.0143334,1395.6
3000,5,0.5,0.6,0.7,0.005,2,0.8418714,0.0141664,1341.125
3000,5,0.5,0.6,0.7,0.005,3,0.8415672,0.0142342,1046.75
3000,5,0.5,0.7,0.5,0.05,1,0.8409336,0.0142996,150
3000,5,0.5,0.7,0.5,0.05,2,0.840676,0.013923,127.4
3000,5,0.5,0.7,0.5,0.05,3,0.8408978,0.0144382,128.6
3000,5,0.5,0.7,0.5,0.01,1,0.8415796,0.014208,783.6
3000,5,0.5,0.7,0.5,0.01,2,0.8413716,0.014026,644.5
3000,5,0.5,0.7,0.5,0.01,3,0.8411852,0.0139622,635.4
3000,5,0.5,0.7,0.5,0.005,1,0.8418744,0.0141428,1543
3000,5,0.5,0.7,0.5,0.005,2,0.8420026,0.0139624,1367.2
3000,5,0.5,0.7,0.5,0.005,3,0.841795,0.0141498,1300.6
3000,5,0.5,0.7,0.6,0.05,1,0.841254,0.0143216,148
3000,5,0.5,0.7,0.6,0.05,2,0.8406684,0.0132326,125
3000,5,0.5,0.7,0.6,0.05,3,0.8403334,0.0140048,122.2
3000,5,0.5,0.7,0.6,0.01,1,0.8417874,0.0140884,891.2
3000,5,0.5,0.7,0.6,0.01,2,0.8415678,0.0141384,714.4
3000,5,0.5,0.7,0.6,0.01,3,0.8411818,0.0141066,670.6
3000,5,0.5,0.7,0.6,0.005,1,0.8419118,0.0141108,1364.2
3000,5,0.5,0.7,0.6,0.005,2,0.8418554,0.0141236,1297.5
3000,5,0.5,0.7,0.6,0.005,3,0.8416912,0.0140448,1294.83333333333
3000,5,0.5,0.7,0.7,0.05,1,0.8410132,0.0145074,135
3000,5,0.5,0.7,0.7,0.05,2,0.8406118,0.0146298,125.4
3000,5,0.5,0.7,0.7,0.05,3,0.8404796,0.0146844,100.6
3000,5,0.5,0.7,0.7,0.01,1,0.8418128,0.0140808,885.8
3000,5,0.5,0.7,0.7,0.01,2,0.841372,0.0143296,785.6
3000,5,0.5,0.7,0.7,0.01,3,0.8409862,0.0143708,493
3000,5,0.5,0.7,0.7,0.005,1,0.8416486,0.0141486,1377.6
3000,5,0.5,0.7,0.7,0.005,2,0.841749,0.014347,1391.6
3000,5,0.5,0.7,0.7,0.005,3,0.8415412,0.014284,1327.6
3000,5,0.5,0.8,0.5,0.05,1,0.8412398,0.0138626,181
3000,5,0.5,0.8,0.5,0.05,2,0.8409946,0.0136936,140.833333333333
3000,5,0.5,0.8,0.5,0.05,3,0.8407938,0.0139436,121.2
3000,5,0.5,0.8,0.5,0.01,1,0.8416662,0.0141704,776.666666666667
3000,5,0.5,0.8,0.5,0.01,2,0.8414476,0.0140464,571.2
3000,5,0.5,0.8,0.5,0.01,3,0.841171,0.0138984,541.4
3000,5,0.5,0.8,0.5,0.005,1,0.8417754,0.0142892,1480.42857142857
3000,5,0.5,0.8,0.5,0.005,2,0.8416606,0.0141828,1368
3000,5,0.5,0.8,0.5,0.005,3,0.8416078,0.014159,1263.8
3000,5,0.5,0.8,0.6,0.05,1,0.8412656,0.0139474,169.8
3000,5,0.5,0.8,0.6,0.05,2,0.8405444,0.0145846,120.6
3000,5,0.5,0.8,0.6,0.05,3,0.8408824,0.0135486,124.8
3000,5,0.5,0.8,0.6,0.01,1,0.8412954,0.0143026,736.4
3000,5,0.5,0.8,0.6,0.01,2,0.8410916,0.014188,584.4
3000,5,0.5,0.8,0.6,0.01,3,0.8412152,0.0139632,572
3000,5,0.5,0.8,0.6,0.005,1,0.8418492,0.014135,1514.14285714286
3000,5,0.5,0.8,0.6,0.005,2,0.8415146,0.0143464,1411.6
3000,5,0.5,0.8,0.6,0.005,3,0.8412812,0.0142596,1265.6
3000,5,0.5,0.8,0.7,0.05,1,0.8412256,0.0141154,170.2
3000,5,0.5,0.8,0.7,0.05,2,0.8408716,0.014077,122
3000,5,0.5,0.8,0.7,0.05,3,0.8402916,0.0143612,120.333333333333
3000,5,0.5,0.8,0.7,0.01,1,0.8412754,0.0139792,868.4
3000,5,0.5,0.8,0.7,0.01,2,0.8413316,0.0142418,843.4
3000,5,0.5,0.8,0.7,0.01,3,0.841128,0.0142462,579
3000,5,0.5,0.8,0.7,0.005,1,0.8416294,0.014192,1514
3000,5,0.5,0.8,0.7,0.005,2,0.8412348,0.0144006,1296
3000,5,0.5,0.8,0.7,0.005,3,0.841198,0.014225,1294
3000,5,1,0.6,0.5,0.05,1,0.8414042,0.01417,138.5
3000,5,1,0.6,0.5,0.05,2,0.8408918,0.013878,131.8
3000,5,1,0.6,0.5,0.05,3,0.8407016,0.0143,136.2
3000,5,1,0.6,0.5,0.01,1,0.8417784,0.0147278,819
3000,5,1,0.6,0.5,0.01,2,0.841843,0.01405,693.666666666667
3000,5,1,0.6,0.5,0.01,3,0.8412936,0.0139928,579.2
3000,5,1,0.6,0.5,0.005,1,0.8417526,0.0143818,1294
3000,5,1,0.6,0.5,0.005,2,0.8420436,0.0141802,1311
3000,5,1,0.6,0.5,0.005,3,0.8419736,0.0142932,1290.4
3000,5,1,0.6,0.6,0.05,1,0.8407102,0.0141682,133.4
3000,5,1,0.6,0.6,0.05,2,0.840698,0.0144582,130
3000,5,1,0.6,0.6,0.05,3,0.8406688,0.0148024,121.166666666667
3000,5,1,0.6,0.6,0.01,1,0.8415402,0.0144524,713.6
3000,5,1,0.6,0.6,0.01,2,0.8417422,0.0142618,643.8
3000,5,1,0.6,0.6,0.01,3,0.8414676,0.0138878,578
3000,5,1,0.6,0.6,0.005,1,0.8418344,0.0142816,1305.8
3000,5,1,0.6,0.6,0.005,2,0.8420898,0.0142232,1295
3000,5,1,0.6,0.6,0.005,3,0.841902,0.0141528,1332
3000,5,1,0.6,0.7,0.05,1,0.8411456,0.0150184,139
3000,5,1,0.6,0.7,0.05,2,0.8401064,0.014982,112
3000,5,1,0.6,0.7,0.05,3,0.840541,0.0146634,119.2
3000,5,1,0.6,0.7,0.01,1,0.8415128,0.01475,774
3000,5,1,0.6,0.7,0.01,2,0.841698,0.014406,646.2
3000,5,1,0.6,0.7,0.01,3,0.841273,0.014056,577.5
3000,5,1,0.6,0.7,0.005,1,0.8420112,0.014564,1493.2
3000,5,1,0.6,0.7,0.005,2,0.8419532,0.014217,1336.2
3000,5,1,0.6,0.7,0.005,3,0.8416332,0.0142234,1042.85714285714
3000,5,1,0.7,0.5,0.05,1,0.841224,0.0140992,151
3000,5,1,0.7,0.5,0.05,2,0.8409288,0.0140294,106.4
3000,5,1,0.7,0.5,0.05,3,0.840871,0.0141026,123.2
3000,5,1,0.7,0.5,0.01,1,0.841613,0.0142412,775.285714285714
3000,5,1,0.7,0.5,0.01,2,0.8416224,0.0140654,662.2
3000,5,1,0.7,0.5,0.01,3,0.8414356,0.013891,713.2
3000,5,1,0.7,0.5,0.005,1,0.841929,0.0142892,1377.71428571429
3000,5,1,0.7,0.5,0.005,2,0.8419962,0.0140648,1301.5
3000,5,1,0.7,0.5,0.005,3,0.8416652,0.014135,1298.66666666667
3000,5,1,0.7,0.6,0.05,1,0.8412438,0.013921,161
3000,5,1,0.7,0.6,0.05,2,0.8406114,0.014107,122
3000,5,1,0.7,0.6,0.05,3,0.8406304,0.0142552,116.8
3000,5,1,0.7,0.6,0.01,1,0.8415244,0.0142718,817.333333333333
3000,5,1,0.7,0.6,0.01,2,0.8415748,0.0142314,710
3000,5,1,0.7,0.6,0.01,3,0.841039,0.0142646,645.875
3000,5,1,0.7,0.6,0.005,1,0.8419752,0.0142694,1368.4
3000,5,1,0.7,0.6,0.005,2,0.8419898,0.0141664,1302
3000,5,1,0.7,0.6,0.005,3,0.8417304,0.014067,1307.6
3000,5,1,0.7,0.7,0.05,1,0.8408934,0.0146864,136
3000,5,1,0.7,0.7,0.05,2,0.8408062,0.014332,115.6
3000,5,1,0.7,0.7,0.05,3,0.8406534,0.0143302,102.6
3000,5,1,0.7,0.7,0.01,1,0.8413146,0.0144256,653.2
3000,5,1,0.7,0.7,0.01,2,0.8412804,0.0143476,714
3000,5,1,0.7,0.7,0.01,3,0.8409748,0.0144704,494
3000,5,1,0.7,0.7,0.005,1,0.841731,0.014274,1387.8
3000,5,1,0.7,0.7,0.005,2,0.841737,0.014356,1296.4
3000,5,1,0.7,0.7,0.005,3,0.8414886,0.0144584,1246.16666666667
3000,5,1,0.8,0.5,0.05,1,0.8410912,0.0143812,162.8
3000,5,1,0.8,0.5,0.05,2,0.8410546,0.0138936,156.4
3000,5,1,0.8,0.5,0.05,3,0.840805,0.0137938,152.6
3000,5,1,0.8,0.5,0.01,1,0.8416762,0.0142246,777.833333333333
3000,5,1,0.8,0.5,0.01,2,0.841588,0.0140838,570.5
3000,5,1,0.8,0.5,0.01,3,0.8412152,0.0141848,569.8
3000,5,1,0.8,0.5,0.005,1,0.8418506,0.0143688,1506.2
3000,5,1,0.8,0.5,0.005,2,0.841613,0.0142488,1291
3000,5,1,0.8,0.5,0.005,3,0.841649,0.0141982,1349.2
3000,5,1,0.8,0.6,0.05,1,0.8407628,0.0138778,163.2
3000,5,1,0.8,0.6,0.05,2,0.8407554,0.0145786,138.8
3000,5,1,0.8,0.6,0.05,3,0.8409348,0.0135952,148.6
3000,5,1,0.8,0.6,0.01,1,0.841411,0.014182,778.4
3000,5,1,0.8,0.6,0.01,2,0.841268,0.0141416,583.6
3000,5,1,0.8,0.6,0.01,3,0.8411506,0.014236,557.8
3000,5,1,0.8,0.6,0.005,1,0.8417614,0.014211,1517.4
3000,5,1,0.8,0.6,0.005,2,0.8414772,0.0143234,1343.8
3000,5,1,0.8,0.6,0.005,3,0.840961,0.014266,1021
3000,5,1,0.8,0.7,0.05,1,0.8406406,0.0144702,149.4
3000,5,1,0.8,0.7,0.05,2,0.8408028,0.0145618,123.6
3000,5,1,0.8,0.7,0.05,3,0.8405344,0.0141964,130.333333333333
3000,5,1,0.8,0.7,0.01,1,0.8412666,0.0142332,791.833333333333
3000,5,1,0.8,0.7,0.01,2,0.8413718,0.014214,840.8
3000,5,1,0.8,0.7,0.01,3,0.8411758,0.0143134,574.142857142857
3000,5,1,0.8,0.7,0.005,1,0.8414798,0.0143716,1408
3000,5,1,0.8,0.7,0.005,2,0.8412706,0.0143274,1303.83333333333
3000,5,1,0.8,0.7,0.005,3,0.8412264,0.0142024,1297.4
3000,5,2,0.6,0.5,0.05,1,0.8412796,0.0141988,139.4
3000,5,2,0.6,0.5,0.05,2,0.8407796,0.0143086,123.4
3000,5,2,0.6,0.5,0.05,3,0.8408138,0.0134228,134.2
3000,5,2,0.6,0.5,0.01,1,0.8413926,0.014647,661.2
3000,5,2,0.6,0.5,0.01,2,0.8417474,0.0141828,575.4
3000,5,2,0.6,0.5,0.01,3,0.8414204,0.0140974,588.333333333333
3000,5,2,0.6,0.5,0.005,1,0.8420616,0.014475,1387
3000,5,2,0.6,0.5,0.005,2,0.8421184,0.014267,1298.28571428571
3000,5,2,0.6,0.5,0.005,3,0.8421536,0.0141326,1294
3000,5,2,0.6,0.6,0.05,1,0.8411164,0.0146318,131.833333333333
3000,5,2,0.6,0.6,0.05,2,0.8414288,0.0145338,121.8
3000,5,2,0.6,0.6,0.05,3,0.8409798,0.014713,114.8
3000,5,2,0.6,0.6,0.01,1,0.8416488,0.0143006,740.4
3000,5,2,0.6,0.6,0.01,2,0.8416914,0.014677,578.8
3000,5,2,0.6,0.6,0.01,3,0.8414418,0.0141668,588.6
3000,5,2,0.6,0.6,0.005,1,0.8419128,0.0143856,1360.8
3000,5,2,0.6,0.6,0.005,2,0.8420024,0.0142886,1312
3000,5,2,0.6,0.6,0.005,3,0.8417084,0.0142724,1105
3000,5,2,0.6,0.7,0.05,1,0.841073,0.015192,160.8
3000,5,2,0.6,0.7,0.05,2,0.8406838,0.0149678,119.6
3000,5,2,0.6,0.7,0.05,3,0.8408134,0.0142988,99
3000,5,2,0.6,0.7,0.01,1,0.8413758,0.0144268,648.285714285714
3000,5,2,0.6,0.7,0.01,2,0.8417602,0.0147674,691.5
3000,5,2,0.6,0.7,0.01,3,0.8414798,0.014307,585.8
3000,5,2,0.6,0.7,0.005,1,0.8418544,0.0145752,1521.2
3000,5,2,0.6,0.7,0.005,2,0.8419884,0.0142474,1300.6
3000,5,2,0.6,0.7,0.005,3,0.841877,0.0143018,1279.8
3000,5,2,0.7,0.5,0.05,1,0.840605,0.014767,132
3000,5,2,0.7,0.5,0.05,2,0.8407204,0.013719,127
3000,5,2,0.7,0.5,0.05,3,0.8413738,0.0147018,114.2
3000,5,2,0.7,0.5,0.01,1,0.8416886,0.0143088,766.4
3000,5,2,0.7,0.5,0.01,2,0.8413894,0.0141392,576.8
3000,5,2,0.7,0.5,0.01,3,0.8412666,0.0141194,558.333333333333
3000,5,2,0.7,0.5,0.005,1,0.8419672,0.0143994,1515.16666666667
3000,5,2,0.7,0.5,0.005,2,0.8420044,0.0140346,1303.5
3000,5,2,0.7,0.5,0.005,3,0.8418474,0.0142536,1291.8
3000,5,2,0.7,0.6,0.05,1,0.8413882,0.0144248,149.8
3000,5,2,0.7,0.6,0.05,2,0.8411604,0.01419,137.8
3000,5,2,0.7,0.6,0.05,3,0.8404752,0.014246,128.6
3000,5,2,0.7,0.6,0.01,1,0.8414458,0.0145204,720.8
3000,5,2,0.7,0.6,0.01,2,0.8416838,0.0143578,706
3000,5,2,0.7,0.6,0.01,3,0.840851,0.0144298,507.4
3000,5,2,0.7,0.6,0.005,1,0.8421296,0.014261,1533.4
3000,5,2,0.7,0.6,0.005,2,0.8419826,0.0142382,1307.14285714286
3000,5,2,0.7,0.6,0.005,3,0.841792,0.014188,1361.6
3000,5,2,0.7,0.7,0.05,1,0.8412564,0.0140684,171.2
3000,5,2,0.7,0.7,0.05,2,0.8411528,0.0145944,147.6
3000,5,2,0.7,0.7,0.05,3,0.8403972,0.0146212,107
3000,5,2,0.7,0.7,0.01,1,0.8413604,0.0146468,741
3000,5,2,0.7,0.7,0.01,2,0.8412918,0.0144366,642.8
3000,5,2,0.7,0.7,0.01,3,0.841036,0.0146538,488.714285714286
3000,5,2,0.7,0.7,0.005,1,0.841988,0.0144092,1612.83333333333
3000,5,2,0.7,0.7,0.005,2,0.8418854,0.0142052,1373.33333333333
3000,5,2,0.7,0.7,0.005,3,0.8413988,0.0144976,1121.8
3000,5,2,0.8,0.5,0.05,1,0.8411204,0.014767,166.5
3000,5,2,0.8,0.5,0.05,2,0.841542,0.0141452,145
3000,5,2,0.8,0.5,0.05,3,0.8410108,0.0142154,100.8
3000,5,2,0.8,0.5,0.01,1,0.8415876,0.0144318,735.571428571429
3000,5,2,0.8,0.5,0.01,2,0.841615,0.014282,579.8
3000,5,2,0.8,0.5,0.01,3,0.8413036,0.0140434,555.2
3000,5,2,0.8,0.5,0.005,1,0.8418562,0.0145498,1511
3000,5,2,0.8,0.5,0.005,2,0.8417444,0.0141462,1383.33333333333
3000,5,2,0.8,0.5,0.005,3,0.8417264,0.014263,1220
3000,5,2,0.8,0.6,0.05,1,0.8414868,0.0142552,172.8
3000,5,2,0.8,0.6,0.05,2,0.8406774,0.0144398,135.6
3000,5,2,0.8,0.6,0.05,3,0.8408144,0.0137972,154
3000,5,2,0.8,0.6,0.01,1,0.8413248,0.014261,796.8
3000,5,2,0.8,0.6,0.01,2,0.84126,0.0144694,584.6
3000,5,2,0.8,0.6,0.01,3,0.8413142,0.014029,536.8
3000,5,2,0.8,0.6,0.005,1,0.8417068,0.014576,1516.4
3000,5,2,0.8,0.6,0.005,2,0.8415572,0.0144408,1352.8
3000,5,2,0.8,0.6,0.005,3,0.841464,0.0143396,1272.6
3000,5,2,0.8,0.7,0.05,1,0.8411084,0.0144658,190.8
3000,5,2,0.8,0.7,0.05,2,0.841282,0.01386,142
3000,5,2,0.8,0.7,0.05,3,0.8406282,0.0141126,124.8
3000,5,2,0.8,0.7,0.01,1,0.8411892,0.0147982,749.6
3000,5,2,0.8,0.7,0.01,2,0.8411806,0.0143402,614.4
3000,5,2,0.8,0.7,0.01,3,0.8412248,0.0143586,604.666666666667
3000,5,2,0.8,0.7,0.005,1,0.8416542,0.0144218,1518.33333333333
3000,5,2,0.8,0.7,0.005,2,0.8413792,0.0144522,1289.4
3000,5,2,0.8,0.7,0.005,3,0.8413852,0.0141818,1224.5
3000,6,0.5,0.6,0.5,0.05,1,0.8412374,0.0140556,118
3000,6,0.5,0.6,0.5,0.05,2,0.84031,0.014031,106
3000,6,0.5,0.6,0.5,0.05,3,0.8405308,0.0143556,93
3000,6,0.5,0.6,0.5,0.01,1,0.8417802,0.0142594,645
3000,6,0.5,0.6,0.5,0.01,2,0.841763,0.014067,540.5
3000,6,0.5,0.6,0.5,0.01,3,0.84102,0.0137582,466.8
3000,6,0.5,0.6,0.5,0.005,1,0.8420812,0.0138588,1217.8
3000,6,0.5,0.6,0.5,0.005,2,0.842022,0.0136986,1125
3000,6,0.5,0.6,0.5,0.005,3,0.841772,0.0138118,950.2
3000,6,0.5,0.6,0.6,0.05,1,0.8408046,0.013704,138.6
3000,6,0.5,0.6,0.6,0.05,2,0.8403122,0.0142224,113
3000,6,0.5,0.6,0.6,0.05,3,0.8404016,0.014064,91
3000,6,0.5,0.6,0.6,0.01,1,0.841506,0.0142178,555.2
3000,6,0.5,0.6,0.6,0.01,2,0.8414536,0.0137154,545.6
3000,6,0.5,0.6,0.6,0.01,3,0.841049,0.0137356,466.2
3000,6,0.5,0.6,0.6,0.005,1,0.8419422,0.013825,1212.2
3000,6,0.5,0.6,0.6,0.005,2,0.8419506,0.0139456,1135.4
3000,6,0.5,0.6,0.6,0.005,3,0.8414082,0.0140062,909.2
3000,6,0.5,0.6,0.7,0.05,1,0.8409724,0.0144178,108.8
3000,6,0.5,0.6,0.7,0.05,2,0.840628,0.0140254,109
3000,6,0.5,0.6,0.7,0.05,3,0.8404448,0.0136558,93
3000,6,0.5,0.6,0.7,0.01,1,0.841539,0.0139014,593
3000,6,0.5,0.6,0.7,0.01,2,0.8417272,0.0140182,571
3000,6,0.5,0.6,0.7,0.01,3,0.8410736,0.0141044,459.4
3000,6,0.5,0.6,0.7,0.005,1,0.8420602,0.0139512,1261.4
3000,6,0.5,0.6,0.7,0.005,2,0.8420056,0.013911,1166.4
3000,6,0.5,0.6,0.7,0.005,3,0.84138,0.0139648,961.666666666667
3000,6,0.5,0.7,0.5,0.05,1,0.8410898,0.0144226,122.5
3000,6,0.5,0.7,0.5,0.05,2,0.8408138,0.013913,127.6
3000,6,0.5,0.7,0.5,0.05,3,0.8405118,0.0139134,106.833333333333
3000,6,0.5,0.7,0.5,0.01,1,0.8417072,0.0137346,705.8
3000,6,0.5,0.7,0.5,0.01,2,0.8412582,0.013831,576.5
3000,6,0.5,0.7,0.5,0.01,3,0.8411978,0.0137352,519.2
3000,6,0.5,0.7,0.5,0.005,1,0.8420752,0.0140702,1268.42857142857
3000,6,0.5,0.7,0.5,0.005,2,0.8417094,0.0141658,1063
3000,6,0.5,0.7,0.5,0.005,3,0.8413068,0.0139988,1003
3000,6,0.5,0.7,0.6,0.05,1,0.8409428,0.0136224,125.8
3000,6,0.5,0.7,0.6,0.05,2,0.8409384,0.0142812,108.4
3000,6,0.5,0.7,0.6,0.05,3,0.840939,0.0140782,109.2
3000,6,0.5,0.7,0.6,0.01,1,0.8417208,0.0139692,764.8
3000,6,0.5,0.7,0.6,0.01,2,0.8410118,0.013987,496.6
3000,6,0.5,0.7,0.6,0.01,3,0.8409804,0.013943,492.8
3000,6,0.5,0.7,0.6,0.005,1,0.8418798,0.0140286,1366.16666666667
3000,6,0.5,0.7,0.6,0.005,2,0.8416976,0.0141736,1061.125
3000,6,0.5,0.7,0.6,0.005,3,0.8412438,0.0140342,994.4
3000,6,0.5,0.7,0.7,0.05,1,0.8408814,0.0144174,129.4
3000,6,0.5,0.7,0.7,0.05,2,0.84046,0.01436,112.2
3000,6,0.5,0.7,0.7,0.05,3,0.8408018,0.0144458,108.8
3000,6,0.5,0.7,0.7,0.01,1,0.841525,0.0139774,679.333333333333
3000,6,0.5,0.7,0.7,0.01,2,0.8409466,0.0141144,531.4
3000,6,0.5,0.7,0.7,0.01,3,0.841092,0.0141652,496
3000,6,0.5,0.7,0.7,0.005,1,0.8417904,0.014038,1297.28571428571
3000,6,0.5,0.7,0.7,0.005,2,0.8415264,0.0141866,1054.6
3000,6,0.5,0.7,0.7,0.005,3,0.8410976,0.0141348,908.2
3000,6,0.5,0.8,0.5,0.05,1,0.840716,0.0133792,135
3000,6,0.5,0.8,0.5,0.05,2,0.8409478,0.0140192,120.2
3000,6,0.5,0.8,0.5,0.05,3,0.840532,0.0137026,96.6
3000,6,0.5,0.8,0.5,0.01,1,0.8414964,0.0139294,704
3000,6,0.5,0.8,0.5,0.01,2,0.8412292,0.0142472,457
3000,6,0.5,0.8,0.5,0.01,3,0.8412036,0.0138556,522.5
3000,6,0.5,0.8,0.5,0.005,1,0.8417166,0.0138416,1296
3000,6,0.5,0.8,0.5,0.005,2,0.8414718,0.0140536,1017.5
3000,6,0.5,0.8,0.5,0.005,3,0.841251,0.0142432,969.5
3000,6,0.5,0.8,0.6,0.05,1,0.8405524,0.0132882,152.8
3000,6,0.5,0.8,0.6,0.05,2,0.84029,0.0144928,100.6
3000,6,0.5,0.8,0.6,0.05,3,0.8404096,0.0140706,92.8
3000,6,0.5,0.8,0.6,0.01,1,0.8412574,0.0139664,613.6
3000,6,0.5,0.8,0.6,0.01,2,0.8412518,0.0137026,547.8
3000,6,0.5,0.8,0.6,0.01,3,0.841289,0.0138046,503.2
3000,6,0.5,0.8,0.6,0.005,1,0.841621,0.0138768,1268.6
3000,6,0.5,0.8,0.6,0.005,2,0.84112,0.0142186,996.8
3000,6,0.5,0.8,0.6,0.005,3,0.840891,0.014244,949
3000,6,0.5,0.8,0.7,0.05,1,0.8404962,0.0144858,109
3000,6,0.5,0.8,0.7,0.05,2,0.8405554,0.0140866,111.6
3000,6,0.5,0.8,0.7,0.05,3,0.8406426,0.0141572,100.2
3000,6,0.5,0.8,0.7,0.01,1,0.8412498,0.0138068,683.666666666667
3000,6,0.5,0.8,0.7,0.01,2,0.8410896,0.0140756,566.833333333333
3000,6,0.5,0.8,0.7,0.01,3,0.8410236,0.0140118,519
3000,6,0.5,0.8,0.7,0.005,1,0.8414148,0.0137544,1278.2
3000,6,0.5,0.8,0.7,0.005,2,0.840992,0.014219,1091.2
3000,6,0.5,0.8,0.7,0.005,3,0.8407528,0.0142254,1040.2
3000,6,1,0.6,0.5,0.05,1,0.8412536,0.013422,115.4
3000,6,1,0.6,0.5,0.05,2,0.8401372,0.0141354,101.8
3000,6,1,0.6,0.5,0.05,3,0.8406502,0.014686,106.8
3000,6,1,0.6,0.5,0.01,1,0.8415592,0.0143736,594.4
3000,6,1,0.6,0.5,0.01,2,0.8417932,0.0141416,576.8
3000,6,1,0.6,0.5,0.01,3,0.8411688,0.0137128,540.6
3000,6,1,0.6,0.5,0.005,1,0.8421938,0.0140774,1375.6
3000,6,1,0.6,0.5,0.005,2,0.8422572,0.0136128,1166
3000,6,1,0.6,0.5,0.005,3,0.8417994,0.0138468,951
3000,6,1,0.6,0.6,0.05,1,0.8405864,0.0142698,135.8
3000,6,1,0.6,0.6,0.05,2,0.840592,0.0141248,128.5
3000,6,1,0.6,0.6,0.05,3,0.840704,0.0141212,77.2
3000,6,1,0.6,0.6,0.01,1,0.8416416,0.0142322,624
3000,6,1,0.6,0.6,0.01,2,0.841668,0.0137962,540.8
3000,6,1,0.6,0.6,0.01,3,0.8411034,0.0136854,473
3000,6,1,0.6,0.6,0.005,1,0.8418934,0.0140602,1220.2
3000,6,1,0.6,0.6,0.005,2,0.841996,0.0138418,1212.83333333333
3000,6,1,0.6,0.6,0.005,3,0.8415418,0.0140348,949
3000,6,1,0.6,0.7,0.05,1,0.8410256,0.0146716,111.4
3000,6,1,0.6,0.7,0.05,2,0.8409278,0.0144718,97.4
3000,6,1,0.6,0.7,0.05,3,0.8406682,0.0142742,95.4
3000,6,1,0.6,0.7,0.01,1,0.8416072,0.014063,621.5
3000,6,1,0.6,0.7,0.01,2,0.8417234,0.013942,571.6
3000,6,1,0.6,0.7,0.01,3,0.8411502,0.0142242,450
3000,6,1,0.6,0.7,0.005,1,0.841937,0.0141326,1263.6
3000,6,1,0.6,0.7,0.005,2,0.842093,0.013895,1106
3000,6,1,0.6,0.7,0.005,3,0.8414712,0.0140244,951
3000,6,1,0.7,0.5,0.05,1,0.8410122,0.0144152,108.2
3000,6,1,0.7,0.5,0.05,2,0.8410586,0.0145586,117.8
3000,6,1,0.7,0.5,0.05,3,0.8409506,0.0146706,104.6
3000,6,1,0.7,0.5,0.01,1,0.841676,0.0139018,701.6
3000,6,1,0.7,0.5,0.01,2,0.8412248,0.0139336,493.8
3000,6,1,0.7,0.5,0.01,3,0.8412396,0.0139148,491
3000,6,1,0.7,0.5,0.005,1,0.8422074,0.014089,1350
3000,6,1,0.7,0.5,0.005,2,0.8418236,0.0140876,1063.5
3000,6,1,0.7,0.5,0.005,3,0.841324,0.0140682,1067.57142857143
3000,6,1,0.7,0.6,0.05,1,0.8405118,0.0142968,128.8
3000,6,1,0.7,0.6,0.05,2,0.8403788,0.0145578,107
3000,6,1,0.7,0.6,0.05,3,0.8410906,0.0140414,109
3000,6,1,0.7,0.6,0.01,1,0.8416722,0.0140624,639.166666666667
3000,6,1,0.7,0.6,0.01,2,0.8411334,0.0139196,472
3000,6,1,0.7,0.6,0.01,3,0.8410142,0.0138956,493.2
3000,6,1,0.7,0.6,0.005,1,0.8419348,0.0140746,1367.5
3000,6,1,0.7,0.6,0.005,2,0.8413044,0.0142082,844.4
3000,6,1,0.7,0.6,0.005,3,0.8413522,0.0140428,914
3000,6,1,0.7,0.7,0.05,1,0.8410116,0.0145776,132.2
3000,6,1,0.7,0.7,0.05,2,0.840591,0.0145934,113.2
3000,6,1,0.7,0.7,0.05,3,0.8404172,0.014083,83.2
3000,6,1,0.7,0.7,0.01,1,0.8415192,0.0141386,645.5
3000,6,1,0.7,0.7,0.01,2,0.841206,0.0140872,584.2
3000,6,1,0.7,0.7,0.01,3,0.841068,0.014158,492
3000,6,1,0.7,0.7,0.005,1,0.841819,0.0142344,1319.5
3000,6,1,0.7,0.7,0.005,2,0.8414624,0.0141364,1006.8
3000,6,1,0.7,0.7,0.005,3,0.8411586,0.0141826,923.8
3000,6,1,0.8,0.5,0.05,1,0.8405184,0.013637,135
3000,6,1,0.8,0.5,0.05,2,0.8409438,0.0137042,114.4
3000,6,1,0.8,0.5,0.05,3,0.840629,0.0136528,101.2
3000,6,1,0.8,0.5,0.01,1,0.8415418,0.0140024,708.2
3000,6,1,0.8,0.5,0.01,2,0.8415032,0.0141666,542.4
3000,6,1,0.8,0.5,0.01,3,0.8412546,0.0140418,517.6
3000,6,1,0.8,0.5,0.005,1,0.841852,0.0139252,1351.5
3000,6,1,0.8,0.5,0.005,2,0.841535,0.0141204,1012.33333333333
3000,6,1,0.8,0.5,0.005,3,0.841307,0.0141664,956.6
3000,6,1,0.8,0.6,0.05,1,0.8404408,0.013676,134
3000,6,1,0.8,0.6,0.05,2,0.8404202,0.0143818,124
3000,6,1,0.8,0.6,0.05,3,0.8400674,0.0135182,110.8
3000,6,1,0.8,0.6,0.01,1,0.8412778,0.014218,607.8
3000,6,1,0.8,0.6,0.01,2,0.841392,0.0140118,562
3000,6,1,0.8,0.6,0.01,3,0.841123,0.0138764,508.4
3000,6,1,0.8,0.6,0.005,1,0.8416026,0.0140322,1256
3000,6,1,0.8,0.6,0.005,2,0.8411414,0.0142376,1007.66666666667
3000,6,1,0.8,0.6,0.005,3,0.8410252,0.014207,939.2
3000,6,1,0.8,0.7,0.05,1,0.8408188,0.0143334,134.4
3000,6,1,0.8,0.7,0.05,2,0.84047,0.0145818,115.8
3000,6,1,0.8,0.7,0.05,3,0.8403452,0.0144998,113.6
3000,6,1,0.8,0.7,0.01,1,0.8412362,0.0141932,719.5
3000,6,1,0.8,0.7,0.01,2,0.8411896,0.01407,547.6
3000,6,1,0.8,0.7,0.01,3,0.8410782,0.0140252,514.4
3000,6,1,0.8,0.7,0.005,1,0.8415968,0.0139924,1364.8
3000,6,1,0.8,0.7,0.005,2,0.8412492,0.0142816,1206.4
3000,6,1,0.8,0.7,0.005,3,0.8407802,0.0142642,941.4
3000,6,2,0.6,0.5,0.05,1,0.8409938,0.0137408,132
3000,6,2,0.6,0.5,0.05,2,0.8404494,0.0139244,91.5
3000,6,2,0.6,0.5,0.05,3,0.8409002,0.0142362,106
3000,6,2,0.6,0.5,0.01,1,0.8415128,0.0143506,577
3000,6,2,0.6,0.5,0.01,2,0.8418686,0.0141022,576
3000,6,2,0.6,0.5,0.01,3,0.8414048,0.013801,573.4
3000,6,2,0.6,0.5,0.005,1,0.8422334,0.0142128,1291
3000,6,2,0.6,0.5,0.005,2,0.8421858,0.0139618,1123.5
3000,6,2,0.6,0.5,0.005,3,0.841798,0.01395,950.4
3000,6,2,0.6,0.6,0.05,1,0.8405622,0.0136944,123.8
3000,6,2,0.6,0.6,0.05,2,0.8406588,0.0142608,112.8
3000,6,2,0.6,0.6,0.05,3,0.840771,0.0142402,101
3000,6,2,0.6,0.6,0.01,1,0.8415796,0.014296,625.6
3000,6,2,0.6,0.6,0.01,2,0.841546,0.0139344,580.2
3000,6,2,0.6,0.6,0.01,3,0.8412102,0.013981,479.6
3000,6,2,0.6,0.6,0.005,1,0.8413928,0.0144582,1052.4
3000,6,2,0.6,0.6,0.005,2,0.8421586,0.0139322,1225
3000,6,2,0.6,0.6,0.005,3,0.8415208,0.014219,906.6
3000,6,2,0.6,0.7,0.05,1,0.84052,0.014752,133.4
3000,6,2,0.6,0.7,0.05,2,0.8409772,0.0140738,104.8
3000,6,2,0.6,0.7,0.05,3,0.84064,0.0141622,85.6
3000,6,2,0.6,0.7,0.01,1,0.8415628,0.0141634,629
3000,6,2,0.6,0.7,0.01,2,0.8415942,0.0142852,580.2
3000,6,2,0.6,0.7,0.01,3,0.8410686,0.0142458,479.8
3000,6,2,0.6,0.7,0.005,1,0.841861,0.0140952,1308.8
3000,6,2,0.6,0.7,0.005,2,0.8420084,0.0139628,1117.66666666667
3000,6,2,0.6,0.7,0.005,3,0.8414632,0.0141194,917
3000,6,2,0.7,0.5,0.05,1,0.8406954,0.0142456,132.2
3000,6,2,0.7,0.5,0.05,2,0.8409114,0.0144262,111.6
3000,6,2,0.7,0.5,0.05,3,0.8410562,0.0139052,111
3000,6,2,0.7,0.5,0.01,1,0.8419882,0.0139476,685
3000,6,2,0.7,0.5,0.01,2,0.8412054,0.0139694,483.2
3000,6,2,0.7,0.5,0.01,3,0.8412758,0.0138576,486
3000,6,2,0.7,0.5,0.005,1,0.8420588,0.0140854,1325.5
3000,6,2,0.7,0.5,0.005,2,0.841808,0.014181,1062
3000,6,2,0.7,0.5,0.005,3,0.8416064,0.0139416,1006
3000,6,2,0.7,0.6,0.05,1,0.8408994,0.0143376,132
3000,6,2,0.7,0.6,0.05,2,0.8408262,0.0139696,116.333333333333
3000,6,2,0.7,0.6,0.05,3,0.841236,0.0140346,109
3000,6,2,0.7,0.6,0.01,1,0.8417782,0.0140904,638
3000,6,2,0.7,0.6,0.01,2,0.8411804,0.0142266,469.6
3000,6,2,0.7,0.6,0.01,3,0.8413684,0.0141774,479.6
3000,6,2,0.7,0.6,0.005,1,0.8419824,0.0140754,1379.85714285714
3000,6,2,0.7,0.6,0.005,2,0.8418764,0.0142584,1074.5
3000,6,2,0.7,0.6,0.005,3,0.841642,0.0141116,1071.83333333333
3000,6,2,0.7,0.7,0.05,1,0.840719,0.015159,133.2
3000,6,2,0.7,0.7,0.05,2,0.8404856,0.0144028,112
3000,6,2,0.7,0.7,0.05,3,0.8404678,0.01469,81.4
3000,6,2,0.7,0.7,0.01,1,0.84129,0.0143938,652.8
3000,6,2,0.7,0.7,0.01,2,0.8410946,0.014219,490
3000,6,2,0.7,0.7,0.01,3,0.8413396,0.0141248,490.4
3000,6,2,0.7,0.7,0.005,1,0.8417504,0.014283,1368.33333333333
3000,6,2,0.7,0.7,0.005,2,0.8418368,0.0142672,1091
3000,6,2,0.7,0.7,0.005,3,0.8411454,0.0143958,853
3000,6,2,0.8,0.5,0.05,1,0.841176,0.014087,132.8
3000,6,2,0.8,0.5,0.05,2,0.8410036,0.0143838,100.4
3000,6,2,0.8,0.5,0.05,3,0.8409904,0.013952,98
3000,6,2,0.8,0.5,0.01,1,0.8413558,0.014183,649.166666666667
3000,6,2,0.8,0.5,0.01,2,0.8415784,0.014164,549.166666666667
3000,6,2,0.8,0.5,0.01,3,0.8412416,0.01415,461.8
3000,6,2,0.8,0.5,0.005,1,0.8415472,0.0142796,1354
3000,6,2,0.8,0.5,0.005,2,0.8416888,0.0142522,1045.2
3000,6,2,0.8,0.5,0.005,3,0.8413826,0.014136,964
3000,6,2,0.8,0.6,0.05,1,0.8411226,0.0143238,134
3000,6,2,0.8,0.6,0.05,2,0.8407612,0.0142622,118.2
3000,6,2,0.8,0.6,0.05,3,0.8408252,0.0142336,116.8
3000,6,2,0.8,0.6,0.01,1,0.8409802,0.0144568,599.4
3000,6,2,0.8,0.6,0.01,2,0.8411926,0.0141238,545
3000,6,2,0.8,0.6,0.01,3,0.841174,0.0140886,528.4
3000,6,2,0.8,0.6,0.005,1,0.841596,0.0143218,1468.57142857143
3000,6,2,0.8,0.6,0.005,2,0.8411632,0.0142426,955
3000,6,2,0.8,0.6,0.005,3,0.8410102,0.014283,939
3000,6,2,0.8,0.7,0.05,1,0.84041,0.0144684,131.6
3000,6,2,0.8,0.7,0.05,2,0.840175,0.014891,113
3000,6,2,0.8,0.7,0.05,3,0.8401372,0.014457,116
3000,6,2,0.8,0.7,0.01,1,0.8409878,0.0143318,657.6
3000,6,2,0.8,0.7,0.01,2,0.8411844,0.0142412,569.2
3000,6,2,0.8,0.7,0.01,3,0.8406996,0.0143792,388.6
3000,6,2,0.8,0.7,0.005,1,0.8413464,0.0142056,1356.5
3000,6,2,0.8,0.7,0.005,2,0.8409658,0.0145518,954.8
3000,6,2,0.8,0.7,0.005,3,0.8408702,0.0142522,1013.625
